"deposito","publicado","contrastado","situacion"
"outputs/fase10/cobertura_clase_louo.csv",TRUE,TRUE,"publicado y contrastado"
"outputs/fase10/cobertura_louo.csv",TRUE,TRUE,"publicado y contrastado"
"outputs/fase11/cobertura_sellado.csv",TRUE,TRUE,"publicado y contrastado"
"outputs/fase12/recalibracion.csv",TRUE,TRUE,"publicado y contrastado"
"outputs/fase13/referencias.csv",TRUE,TRUE,"publicado y contrastado"
"outputs/fase15/comparacion_agregacion.csv",TRUE,TRUE,"publicado y contrastado"
"outputs/fase15/sensibilidad_lactato.csv",TRUE,TRUE,"publicado y contrastado"
"outputs/fase16/curvas_decision.csv",TRUE,TRUE,"publicado y contrastado"
"outputs/fase16/gbm_comparacion.csv",TRUE,TRUE,"publicado y contrastado"
"outputs/fase17/circularidad_glasgow.csv",TRUE,TRUE,"publicado y contrastado"
"outputs/fase17/cobertura_presion.csv",TRUE,TRUE,"publicado y contrastado"
"outputs/fase17/concordancia_presion.csv",TRUE,TRUE,"publicado y contrastado"
"outputs/fase17/indicador_tubo.csv",TRUE,TRUE,"publicado y contrastado"
"outputs/fase17/recorrido_por_unidad.csv",TRUE,TRUE,"publicado y contrastado"
"outputs/fase18/comparacion_ampliado.csv",TRUE,TRUE,"publicado y contrastado"
"outputs/fase18/ganancia_splines.csv",TRUE,TRUE,"publicado y contrastado"
"outputs/fase19/cobertura_louo_ampliado.csv",TRUE,TRUE,"publicado y contrastado"
"outputs/fase2/clases.csv",TRUE,TRUE,"publicado y contrastado"
"outputs/fase2/flujo.csv",TRUE,TRUE,"publicado y contrastado"
"outputs/fase20/cobertura_extraccion.csv",TRUE,TRUE,"publicado y contrastado"
"outputs/fase20/determinismo_extraccion.csv",TRUE,TRUE,"publicado y contrastado"
"outputs/fase20/divergencia_extraccion.csv",TRUE,TRUE,"publicado y contrastado"
"outputs/fase20/empates_constantes.csv",TRUE,TRUE,"publicado y contrastado"
"outputs/fase20/empates_laboratorio.csv",TRUE,TRUE,"publicado y contrastado"
"outputs/fase20/fraccion_informacion_faltante.csv",TRUE,TRUE,"publicado y contrastado"
"outputs/fase22/decision_lambda.csv",TRUE,TRUE,"publicado y contrastado"
"outputs/fase23/calibracion_sellado.csv",TRUE,TRUE,"publicado y contrastado"
"outputs/fase26/causas_fallo.csv",TRUE,TRUE,"publicado y contrastado"
"outputs/fase26/intervalos_cobertura.csv",TRUE,TRUE,"publicado y contrastado"
"outputs/fase26/recuentos_multiplicidad.csv",TRUE,TRUE,"publicado y contrastado"
"outputs/fase28/cobertura_vitales_por_etapa.csv",TRUE,TRUE,"publicado y contrastado"
"outputs/fase29/cohorte_analizada.csv",TRUE,TRUE,"publicado y contrastado"
"outputs/fase30/determinaciones_candidatas.csv",TRUE,TRUE,"publicado y contrastado"
"outputs/fase30/viabilidad_comparacion.csv",TRUE,TRUE,"publicado y contrastado"
"outputs/fase31/casos_completos.csv",TRUE,TRUE,"publicado y contrastado"
"outputs/fase32/cascada_casos_completos.csv",TRUE,TRUE,"publicado y contrastado"
"outputs/fase32/comparacion_resumen.csv",TRUE,TRUE,"publicado y contrastado"
"outputs/fase32/completos_por_grupo.csv",TRUE,TRUE,"publicado y contrastado"
"outputs/fase32/intervalo_diferencia.csv",TRUE,TRUE,"publicado y contrastado"
"outputs/fase32/multiplicidad_diferencias.csv",TRUE,TRUE,"publicado y contrastado"
"outputs/fase32/potencia_no_usada.csv",TRUE,TRUE,"publicado y contrastado"
"outputs/fase33/procedencia_seleccion.csv",TRUE,TRUE,"publicado y contrastado"
"outputs/fase34/calibracion_prueba.csv",TRUE,TRUE,"publicado y contrastado"
"outputs/fase35/curva_calibracion.csv",TRUE,TRUE,"publicado y contrastado"
"outputs/fase35/pendiente_calibracion.csv",TRUE,TRUE,"publicado y contrastado"
"outputs/fase35/rango_probabilidad.csv",TRUE,TRUE,"publicado y contrastado"
"outputs/fase35/separacion_argmax.csv",TRUE,TRUE,"publicado y contrastado"
"outputs/fase36/completitud_por_conjunto.csv",TRUE,TRUE,"publicado y contrastado"
"outputs/fase39/orden_de_la_matriz.csv",TRUE,TRUE,"publicado y contrastado"
"outputs/fase40/conjunto_apartado.csv",TRUE,TRUE,"publicado y contrastado"
"outputs/fase40/contactos_con_el_sellado.csv",TRUE,TRUE,"publicado y contrastado"
"outputs/fase41/fechas.csv",TRUE,TRUE,"publicado y contrastado"
"outputs/fase41/posterioridad.csv",TRUE,TRUE,"publicado y contrastado"
"outputs/fase42/distancia_de_la_reservada.csv",TRUE,TRUE,"publicado y contrastado"
"outputs/fase42/extremos_por_categoria.csv",TRUE,TRUE,"publicado y contrastado"
"outputs/fase42/resumen.csv",TRUE,TRUE,"publicado y contrastado"
"outputs/fase43/resumen_positividad.csv",TRUE,TRUE,"publicado y contrastado"
"outputs/fase44/recuento.csv",TRUE,TRUE,"publicado y contrastado"
"outputs/fase6/validacion_enmascaramiento.csv",TRUE,TRUE,"publicado y contrastado"
"outputs/fase8/cobertura.csv",TRUE,TRUE,"publicado y contrastado"
"outputs/fase9/curva_alfa.csv",TRUE,TRUE,"publicado y contrastado"
"outputs/fase10/auc_louo.csv",FALSE,TRUE,"contrasta lo que nadie publica"
"outputs/fase17/cobertura_vitales.csv",FALSE,TRUE,"contrasta lo que nadie publica"
"outputs/fase17/implausibles.csv",FALSE,TRUE,"contrasta lo que nadie publica"
"outputs/fase17/intubacion_por_unidad.csv",FALSE,TRUE,"contrasta lo que nadie publica"
"outputs/fase17/vitales_por_estrato.csv",FALSE,TRUE,"contrasta lo que nadie publica"
"outputs/fase18/umbrales_ampliado.csv",FALSE,TRUE,"contrasta lo que nadie publica"
"outputs/fase19/auc_louo_ampliado.csv",FALSE,TRUE,"contrasta lo que nadie publica"
"outputs/fase19/cobertura_clase_louo_ampliado.csv",FALSE,TRUE,"contrasta lo que nadie publica"
"outputs/fase24/regla_maximo.csv",FALSE,TRUE,"contrasta lo que nadie publica"
"outputs/fase25/divergencia_etiquetado.csv",FALSE,TRUE,"contrasta lo que nadie publica"
"outputs/fase29/unidades_cohorte.csv",FALSE,TRUE,"contrasta lo que nadie publica"
"outputs/fase30/separacion_candidatas.csv",FALSE,TRUE,"contrasta lo que nadie publica"
"outputs/fase32/comparacion_por_clase.csv",FALSE,TRUE,"contrasta lo que nadie publica"
"outputs/fase32/conjunto_por_grupo_y_clase.csv",FALSE,TRUE,"contrasta lo que nadie publica"
"outputs/fase33/versiones_del_bloque.csv",FALSE,TRUE,"contrasta lo que nadie publica"
"outputs/fase36/completitud_por_determinacion.csv",FALSE,TRUE,"contrasta lo que nadie publica"
"outputs/fase36/completitud_por_grupo.csv",FALSE,TRUE,"contrasta lo que nadie publica"
"outputs/fase37/guarda_por_deposito.csv",FALSE,TRUE,"contrasta lo que nadie publica"
"outputs/fase38/orden_total.csv",FALSE,TRUE,"contrasta lo que nadie publica"
"outputs/fase7/comparacion_lambda.csv",FALSE,TRUE,"contrasta lo que nadie publica"
"outputs/fase8/riesgo_cobertura.csv",FALSE,TRUE,"contrasta lo que nadie publica"
"outputs/fase8/umbrales.csv",FALSE,TRUE,"contrasta lo que nadie publica"
"outputs/fase9/cobertura_por_alfa.csv",FALSE,TRUE,"contrasta lo que nadie publica"
"outputs/fase16/gbm_regla_maximo.csv",FALSE,FALSE,"ni publicado ni contrastado"
"outputs/fase17/cobertura_por_unidad.csv",FALSE,FALSE,"ni publicado ni contrastado"
"outputs/fase17/correlacion_vitales_labs.csv",FALSE,FALSE,"ni publicado ni contrastado"
"outputs/fase17/dispersion_presion.csv",FALSE,FALSE,"ni publicado ni contrastado"
"outputs/fase17/medianas_por_unidad.csv",FALSE,FALSE,"ni publicado ni contrastado"
"outputs/fase2/clase_por_unidad.csv",FALSE,FALSE,"ni publicado ni contrastado"
"outputs/fase2/unidades_elegibles.csv",FALSE,FALSE,"ni publicado ni contrastado"
"outputs/fase20/dispersion_empates.csv",FALSE,FALSE,"ni publicado ni contrastado"
"outputs/fase20/dispersion_imputaciones.csv",FALSE,FALSE,"ni publicado ni contrastado"
"outputs/fase20/estructura_asociacion.csv",FALSE,FALSE,"ni publicado ni contrastado"
"outputs/fase20/verificacion_cifras.csv",FALSE,FALSE,"ni publicado ni contrastado"
"outputs/fase22/comparacion_lambda_interna.csv",FALSE,FALSE,"ni publicado ni contrastado"
"outputs/fase22/particion_interna.csv",FALSE,FALSE,"ni publicado ni contrastado"
"outputs/fase25/multisitio_cohorte.csv",FALSE,FALSE,"ni publicado ni contrastado"
"outputs/fase26/criterios_cobertura.csv",FALSE,FALSE,"ni publicado ni contrastado"
"outputs/fase27/procedencia_manifiestos.csv",FALSE,FALSE,"ni publicado ni contrastado"
"outputs/fase3/cobertura_labs.csv",FALSE,FALSE,"ni publicado ni contrastado"
"outputs/fase3/repeticion.csv",FALSE,FALSE,"ni publicado ni contrastado"
"outputs/fase31/distribucion_presentes.csv",FALSE,FALSE,"ni publicado ni contrastado"
"outputs/fase32/determinaciones_anadidas.csv",FALSE,FALSE,"ni publicado ni contrastado"
"outputs/fase4/faltantes_unidad.csv",FALSE,FALSE,"ni publicado ni contrastado"
"outputs/fase4/faltantes.csv",FALSE,FALSE,"ni publicado ni contrastado"
"outputs/fase4/rangos.csv",FALSE,FALSE,"ni publicado ni contrastado"
"outputs/fase43/positividad_retenidos.csv",FALSE,FALSE,"ni publicado ni contrastado"
"outputs/fase44/depositos.csv",FALSE,FALSE,"ni publicado ni contrastado"
"outputs/fase5/clases_por_unidad.csv",FALSE,FALSE,"ni publicado ni contrastado"
"outputs/fase5/distancia_unidades.csv",FALSE,FALSE,"ni publicado ni contrastado"
"outputs/fase6/comparacion_obs_imp.csv",FALSE,FALSE,"ni publicado ni contrastado"
"outputs/fase6/estabilidad.csv",FALSE,FALSE,"ni publicado ni contrastado"
"outputs/fase7/busqueda_hiperparametros.csv",FALSE,FALSE,"ni publicado ni contrastado"
"outputs/fase7/dispersion_imputaciones.csv",FALSE,FALSE,"ni publicado ni contrastado"
"outputs/fase7/estabilidad_nolinealidad.csv",FALSE,FALSE,"ni publicado ni contrastado"
"outputs/fase7/ganancia_cv.csv",FALSE,FALSE,"ni publicado ni contrastado"
"outputs/fase7/no_linealidad.csv",FALSE,FALSE,"ni publicado ni contrastado"
"outputs/multisitio.csv",FALSE,FALSE,"ni publicado ni contrastado"
"outputs/n_real.csv",FALSE,FALSE,"ni publicado ni contrastado"
"outputs/tipos_muestra_ventana6h.csv",FALSE,FALSE,"ni publicado ni contrastado"
"outputs/unidades.csv",FALSE,FALSE,"ni publicado ni contrastado"
